Workbook

Sheet Данные
A1: Студент | B1: Рост (см) | C1: Рост (м) | D1: Вес (кг) | E1: Физическая активность (мин/неделя) | F1: ИМТ (кг/м^2) | G1: Количество калорий (ккал/день)
A2: 1 | B2: 170 | C2: =B2/100 -> 1.7 | D2: 60 | E2: 300 | F2: =D2/(C2*C2) -> 20.761246 | G2: 2250
A3: 2 | B3: 175 | C3: =B3/100 -> 1.75 | D3: 65 | E3: 280 | F3: =D3/(C3*C3) -> 21.22449 | G3: 2300
A4: 3 | B4: 180 | C4: =B4/100 -> 1.8 | D4: 70 | E4: 260 | F4: =D4/(C4*C4) -> 21.604938 | G4: 2300
A5: 4 | B5: 165 | C5: =B5/100 -> 1.65 | D5: 55 | E5: 320 | F5: =D5/(C5*C5) -> 20.20202 | G5: 2150
A6: 5 | B6: 172 | C6: =B6/100 -> 1.72 | D6: 68 | E6: 290 | F6: =D6/(C6*C6) -> 22.985398 | G6: 2350
A7: 6 | B7: 178 | C7: =B7/100 -> 1.78 | D7: 75 | E7: 250 | F7: =D7/(C7*C7) -> 23.671254 | G7: 2400
A8: 7 | B8: 169 | C8: =B8/100 -> 1.69 | D8: 62 | E8: 310 | F8: =D8/(C8*C8) -> 21.707923 | G8: 2300
A9: 8 | B9: 176 | C9: =B9/100 -> 1.76 | D9: 72 | E9: 270 | F9: =D9/(C9*C9) -> 23.243802 | G9: 2350
A10: 9 | B10: 182 | C10: =B10/100 -> 1.82 | D10: 80 | E10: 240 | F10: =D10/(C10*C10) -> 24.151673 | G10: 2600
A11: 10 | B11: 167 | C11: =B11/100 -> 1.67 | D11: 58 | E11: 330 | F11: =D11/(C11*C11) -> 20.79673 | G11: 2200
A12: 11 | B12: 173 | C12: =B12/100 -> 1.73 | D12: 66 | E12: 300 | F12: =D12/(C12*C12) -> 22.05219 | G12: 2300
A13: 12 | B13: 179 | C13: =B13/100 -> 1.79 | D13: 74 | E13: 260 | F13: =D13/(C13*C13) -> 23.095409 | G13: 2400
... A39: 38 | B39: 175 | C39: =B39/100 -> 1.75 | D39: 65 | E39: 280 | F39: =D39/(C39*C39) -> 21.22449 | G39: 2200

Sheet Подсчеты (физ акт)
A1: i | B1: Xi (ИМТ) | C1: Yi (Актив) | D1: Xi^2 | E1: Yi^2 | F1: XiYi
A2: 1 | B2: =Данные!F2 -> 20.761246 | C2: =Данные!E2 -> 300 | D2: =B2*B2 -> 431.02932 | E2: =C2*C2 -> 90000 | F2: =B2*C2 -> 6228.3737 | H2: Гипотеза: Существует ли взаимосвязь между
A3: 2 | B3: =Данные!F3 -> 21.22449 | C3: =Данные!E3 -> 280 | D3: =B3*B3 -> 450.47897 | E3: =C3*C3 -> 78400 | F3: =B3*C3 -> 5942.8571 | H3: ИМТ и физической активностью
A4: 3 | B4: =Данные!F4 -> 21.604938 | C4: =Данные!E4 -> 260 | D4: =B4*B4 -> 466.77336 | E4: =C4*C4 -> 67600 | F4: =B4*C4 -> 5617.284
A5: 4 | B5: =Данные!F5 -> 20.20202 | C5: =Данные!E5 -> 320 | D5: =B5*B5 -> 408.12162 | E5: =C5*C5 -> 102400 | F5: =B5*C5 -> 6464.6465
A6: 5 | B6: =Данные!F6 -> 22.985398 | C6: =Данные!E6 -> 290 | D6: =B6*B6 -> 528.3285 | E6: =C6*C6 -> 84100 | F6: =B6*C6 -> 6665.7653
A7: 6 | B7: =Данные!F7 -> 23.671254 | C7: =Данные!E7 -> 250 | D7: =B7*B7 -> 560.32825 | E7: =C7*C7 -> 62500 | F7: =B7*C7 -> 5917.8134
A8: 7 | B8: =Данные!F8 -> 21.707923 | C8: =Данные!E8 -> 310 | D8: =B8*B8 -> 471.23394 | E8: =C8*C8 -> 96100 | F8: =B8*C8 -> 6729.4563
A9: 8 | B9: =Данные!F9 -> 23.243802 | C9: =Данные!E9 -> 270 | D9: =B9*B9 -> 540.27432 | E9: =C9*C9 -> 72900 | F9: =B9*C9 -> 6275.8264
A10: 9 | B10: =Данные!F10 -> 24.151673 | C10: =Данные!E10 -> 240 | D10: =B10*B10 -> 583.30328 | E10: =C10*C10 -> 57600 | F10: =B10*C10 -> 5796.4014
A11: 10 | B11: =Данные!F11 -> 20.79673 | C11: =Данные!E11 -> 330 | D11: =B11*B11 -> 432.50397 | E11: =C11*C11 -> 108900 | F11: =B11*C11 -> 6862.9209
A12: 11 | B12: =Данные!F12 -> 22.05219 | C12: =Данные!E12 -> 300 | D12: =B12*B12 -> 486.29909 | E12: =C12*C12 -> 90000 | F12: =B12*C12 -> 6615.6571
A13: 12 | B13: =Данные!F13 -> 23.095409 | C13: =Данные!E13 -> 260 | D13: =B13*B13 -> 533.39792 | E13: =C13*C13 -> 67600 | F13: =B13*C13 -> 6004.8063
A14: 13 | B14: =Данные!F14 -> 20.077335 | C14: =Данные!E14 -> 340 | D14: =B14*B14 -> 403.09938 | E14: =C14*C14 -> 115600 | F14: =B14*C14 -> 6826.2939
A15: 14 | B15: =Данные!F15 -> 22.913033 | C15: =Данные!E15 -> 280 | D15: =B15*B15 -> 525.00708 | E15: =C15*C15 -> 78400 | F15: =B15*C15 -> 6415.6493
... A39: 38 | B39: =Данные!F39 -> 21.22449 | C39: =Данные!E39 -> 280 | D39: =B39*B39 -> 450.47897 | E39: =C39*C39 -> 78400 | F39: =B39*C39 -> 5942.8571
A40: Сумма | B40: =SUM(B2:B39) -> 844.88027 | C40: =SUM(C2:C39) -> 10950 | D40: =SUM(D2:D39) -> 18847.812 | E40: =SUM(E2:E39) -> 3193700 | F40: =SUM(F2:F39) -> 242221.59
A41: Среднее | B41: =B40/$A$39 -> 22.233691 | C41: =C40/$A$39 -> 288.15789 | D41: =D40/$A$39 -> 495.99506 | E41: =E40/$A$39 -> 84044.737 | F41: =F40/$A$39 -> 6374.2523
B42: Xi (ИМТ) | C42: Yi (Актив) | D42: Xi^2 | E42: Yi^2 | F42: XiYi
A44: Находим коэффициент корреляции
E46: rxy = | F46: =(F41-(B41*C41))/(SQRT(D41-(B41*B41))*SQRT(E41-(C41*C41))) -> -0.79578758
E48: Между ИМТ и физической активностью существует
E49: линейная отрицательная сильная связь
E51: Функция КОРРЕЛ | G51: =CORREL(B2:B39,C2:C39) -> -0.79578758

Sheet Подсчеты (калории)
A1: i | B1: Xi (ИМТ) | C1: Yi (Калории) | D1: Xi^2 | E1: Yi^2 | F1: XiYi
A2: 1 | B2: =Данные!F2 -> 20.761246 | C2: =Данные!G2 -> 2250 | D2: =B2*B2 -> 431.02932 | E2: =C2*C2 -> 5062500 | F2: =B2*C2 -> 46712.803
A3: 2 | B3: =Данные!F3 -> 21.22449 | C3: =Данные!G3 -> 2300 | D3: =B3*B3 -> 450.47897 | E3: =C3*C3 -> 5290000 | F3: =B3*C3 -> 48816.327
A4: 3 | B4: =Данные!F4 -> 21.604938 | C4: =Данные!G4 -> 2300 | D4: =B4*B4 -> 466.77336 | E4: =C4*C4 -> 5290000 | F4: =B4*C4 -> 49691.358
A5: 4 | B5: =Данные!F5 -> 20.20202 | C5: =Данные!G5 -> 2150 | D5: =B5*B5 -> 408.12162 | E5: =C5*C5 -> 4622500 | F5: =B5*C5 -> 43434.343
A6: 5 | B6: =Данные!F6 -> 22.985398 | C6: =Данные!G6 -> 2350 | D6: =B6*B6 -> 528.3285 | E6: =C6*C6 -> 5522500 | F6: =B6*C6 -> 54015.684
A7: 6 | B7: =Данные!F7 -> 23.671254 | C7: =Данные!G7 -> 2400 | D7: =B7*B7 -> 560.32825 | E7: =C7*C7 -> 5760000 | F7: =B7*C7 -> 56811.009
A8: 7 | B8: =Данные!F8 -> 21.707923 | C8: =Данные!G8 -> 2300 | D8: =B8*B8 -> 471.23394 | E8: =C8*C8 -> 5290000 | F8: =B8*C8 -> 49928.224
A9: 8 | B9: =Данные!F9 -> 23.243802 | C9: =Данные!G9 -> 2350 | D9: =B9*B9 -> 540.27432 | E9: =C9*C9 -> 5522500 | F9: =B9*C9 -> 54622.934
A10: 9 | B10: =Данные!F10 -> 24.151673 | C10: =Данные!G10 -> 2600 | D10: =B10*B10 -> 583.30328 | E10: =C10*C10 -> 6760000 | F10: =B10*C10 -> 62794.349
A11: 10 | B11: =Данные!F11 -> 20.79673 | C11: =Данные!G11 -> 2200 | D11: =B11*B11 -> 432.50397 | E11: =C11*C11 -> 4840000 | F11: =B11*C11 -> 45752.806
A12: 11 | B12: =Данные!F12 -> 22.05219 | C12: =Данные!G12 -> 2300 | D12: =B12*B12 -> 486.29909 | E12: =C12*C12 -> 5290000 | F12: =B12*C12 -> 50720.037
A13: 12 | B13: =Данные!F13 -> 23.095409 | C13: =Данные!G13 -> 2400 | D13: =B13*B13 -> 533.39792 | E13: =C13*C13 -> 5760000 | F13: =B13*C13 -> 55428.982
... A39: 38 | B39: =Данные!F39 -> 21.22449 | C39: =Данные!G39 -> 2200 | D39: =B39*B39 -> 450.47897 | E39: =C39*C39 -> 4840000 | F39: =B39*C39 -> 46693.878
A40: Сумма | B40: =SUM(B2:B39) -> 844.88027 | C40: =SUM(C2:C39) -> 88000 | D40: =SUM(D2:D39) -> 18847.812 | E40: =SUM(E2:E39) -> 204525000 | F40: =SUM(F2:F39) -> 1962777.6
A41: Среднее | B41: =B40/$A$39 -> 22.233691 | C41: =C40/$A$39 -> 2315.7895 | D41: =D40/$A$39 -> 495.99506 | E41: =E40/$A$39 -> 5382236.8 | F41: =F40/$A$39 -> 51652.043
B42: Xi (ИМТ) | C42: Yi (Калории) | D42: Xi^2 | E42: Yi^2 | F42: XiYi
A44: Находим коэффициент корреляции
E46: rxy = | F46: =(F41-(B41*C41))/(SQRT(D41-(B41*B41))*SQRT(E41-(C41*C41))) -> 0.91264142
E48: Между ИМТ и количеством ккал в день существует
E49: линейная положительная сильная связь
E51: Функция КОРРЕЛ | F51: =CORREL(B2:B39,C2:C39) -> 0.91264142
